Workbook

Sheet Sales_Data
A1: Order ID | B1: Order Date | C1: Region | D1: Product | E1: Category | F1: Salesperson | G1: Units Sold | H1: Unit Price | I1: Sales Amount | J1: Month
A2: ORD-1001 | B2: 45985 | C2: North | D2: Laptop Pro 14 | E2: Computers | F2: Frank Osei | G2: 5 | H2: 1169.39 | I2: =G2*H2 -> 5846.95 | J2: =TEXT(B2,"mmm-yy") -> Nov-25
A3: ORD-1002 | B3: 45729 | C3: North | D3: Laptop Air 13 | E3: Computers | F3: Emma Rossi | G3: 7 | H3: 905.52 | I3: =G3*H3 -> 6338.64 | J3: =TEXT(B3,"mmm-yy") -> Mar-25
A4: ORD-1003 | B4: 45705 | C4: South | D4: Wireless Mouse | E4: Accessories | F4: Emma Rossi | G4: 10 | H4: 33.34 | I4: =G4*H4 -> 333.4 | J4: =TEXT(B4,"mmm-yy") -> Feb-25
A5: ORD-1004 | B5: 45759 | C5: West | D5: Wireless Mouse | E5: Accessories | F5: David Kim | G5: 10 | H5: 34.22 | I5: =G5*H5 -> 342.2 | J5: =TEXT(B5,"mmm-yy") -> Apr-25
A6: ORD-1005 | B6: 45661 | C6: South | D6: USB-C Dock | E6: Accessories | F6: Carol Singh | G6: 5 | H6: 91.73 | I6: =G6*H6 -> 458.65 | J6: =TEXT(B6,"mmm-yy") -> Jan-25
A7: ORD-1006 | B7: 45830 | C7: North | D7: Laptop Air 13 | E7: Computers | F7: David Kim | G7: 2 | H7: 936.6 | I7: =G7*H7 -> 1873.2 | J7: =TEXT(B7,"mmm-yy") -> Jun-25
A8: ORD-1007 | B8: 45834 | C8: East | D8: Laptop Pro 14 | E8: Computers | F8: Frank Osei | G8: 8 | H8: 1204.35 | I8: =G8*H8 -> 9634.8 | J8: =TEXT(B8,"mmm-yy") -> Jun-25
A9: ORD-1008 | B9: 45851 | C9: North | D9: Mechanical Keyboard | E9: Accessories | F9: Frank Osei | G9: 10 | H9: 88.28 | I9: =G9*H9 -> 882.8 | J9: =TEXT(B9,"mmm-yy") -> Jul-25
A10: ORD-1009 | B10: 45843 | C10: South | D10: Laptop Air 13 | E10: Computers | F10: Alice Nguyen | G10: 11 | H10: 924.15 | I10: =G10*H10 -> 10165.65 | J10: =TEXT(B10,"mmm-yy") -> Jul-25
A11: ORD-1010 | B11: 45806 | C11: North | D11: Wireless Mouse | E11: Accessories | F11: Alice Nguyen | G11: 7 | H11: 34.22 | I11: =G11*H11 -> 239.54 | J11: =TEXT(B11,"mmm-yy") -> May-25
A12: ORD-1011 | B12: 45983 | C12: East | D12: 24in Monitor | E12: Accessories | F12: Carol Singh | G12: 6 | H12: 213.61 | I12: =G12*H12 -> 1281.66 | J12: =TEXT(B12,"mmm-yy") -> Nov-25
A13: ORD-1012 | B13: 45794 | C13: North | D13: 24in Monitor | E13: Accessories | F13: Emma Rossi | G13: 12 | H13: 214.39 | I13: =G13*H13 -> 2572.68 | J13: =TEXT(B13,"mmm-yy") -> May-25
... A181: ORD-1180 | B181: 45896 | C181: East | D181: 24in Monitor | E181: Accessories | F181: Alice Nguyen | G181: 8 | H181: 229.8 | I181: =G181*H181 -> 1838.4 | J181: =TEXT(B181,"mmm-yy") -> Aug-25

Sheet Dashboard
B2: Sales Dashboard — FY2025
B3: Source: Sales_Data sheet (sample dataset)
B5: Total Sales | E5: Total Orders | H5: Avg Order Value | K5: Units Sold
B6: =SUM(Sales_Data!I2:I181) -> 486797.58 | E6: =COUNTA(Sales_Data!A2:A181) -> 180 | H6: =AVERAGE(Sales_Data!I2:I181) -> 2704.431 | K6: =SUM(Sales_Data!G2:G181) -> 1210
B9: Sales by Region | F9: Sales by Product
B10: Region | C10: Total Sales | F10: Product | G10: Total Sales
B11: North | C11: =SUMIFS(Sales_Data!$I$2:$I$181,Sales_Data!$C$2:$C$181,$B11) -> 126156.99 | F11: Laptop Pro 14 | G11: =SUMIFS(Sales_Data!$I$2:$I$181,Sales_Data!$D$2:$D$181,$F11) -> 201890.92
B12: South | C12: =SUMIFS(Sales_Data!$I$2:$I$181,Sales_Data!$C$2:$C$181,$B12) -> 94676.19 | F12: Laptop Air 13 | G12: =SUMIFS(Sales_Data!$I$2:$I$181,Sales_Data!$D$2:$D$181,$F12) -> 191114.84
B13: East | C13: =SUMIFS(Sales_Data!$I$2:$I$181,Sales_Data!$C$2:$C$181,$B13) -> 150277.23 | F13: 24in Monitor | G13: =SUMIFS(Sales_Data!$I$2:$I$181,Sales_Data!$D$2:$D$181,$F13) -> 36190.47
B14: West | C14: =SUMIFS(Sales_Data!$I$2:$I$181,Sales_Data!$C$2:$C$181,$B14) -> 115687.17 | F14: Wireless Mouse | G14: =SUMIFS(Sales_Data!$I$2:$I$181,Sales_Data!$D$2:$D$181,$F14) -> 6182.59
F15: Mechanical Keyboard | G15: =SUMIFS(Sales_Data!$I$2:$I$181,Sales_Data!$D$2:$D$181,$F15) -> 11074.7
F16: Noise Cancelling Headphones | G16: =SUMIFS(Sales_Data!$I$2:$I$181,Sales_Data!$D$2:$D$181,$F16) -> 22206.67
B17: Monthly Sales Trend | F17: USB-C Dock | G17: =SUMIFS(Sales_Data!$I$2:$I$181,Sales_Data!$D$2:$D$181,$F17) -> 9169.43
B18: Month | C18: Total Sales | F18: Webcam HD | G18: =SUMIFS(Sales_Data!$I$2:$I$181,Sales_Data!$D$2:$D$181,$F18) -> 8967.96
B19: Jan-25 | C19: =SUMIFS(Sales_Data!$I$2:$I$181,Sales_Data!$J$2:$J$181,$B19) -> 41701.36
B20: Feb-25 | C20: =SUMIFS(Sales_Data!$I$2:$I$181,Sales_Data!$J$2:$J$181,$B20) -> 30773.97
B21: Mar-25 | C21: =SUMIFS(Sales_Data!$I$2:$I$181,Sales_Data!$J$2:$J$181,$B21) -> 39778.64
B22: Apr-25 | C22: =SUMIFS(Sales_Data!$I$2:$I$181,Sales_Data!$J$2:$J$181,$B22) -> 54847.23
B23: May-25 | C23: =SUMIFS(Sales_Data!$I$2:$I$181,Sales_Data!$J$2:$J$181,$B23) -> 22126.05
B24: Jun-25 | C24: =SUMIFS(Sales_Data!$I$2:$I$181,Sales_Data!$J$2:$J$181,$B24) -> 29154.99
B25: Jul-25 | C25: =SUMIFS(Sales_Data!$I$2:$I$181,Sales_Data!$J$2:$J$181,$B25) -> 29873.37
B26: Aug-25 | C26: =SUMIFS(Sales_Data!$I$2:$I$181,Sales_Data!$J$2:$J$181,$B26) -> 73024.31
B27: Sep-25 | C27: =SUMIFS(Sales_Data!$I$2:$I$181,Sales_Data!$J$2:$J$181,$B27) -> 48903.92
B28: Oct-25 | C28: =SUMIFS(Sales_Data!$I$2:$I$181,Sales_Data!$J$2:$J$181,$B28) -> 37544.17
B29: Nov-25 | C29: =SUMIFS(Sales_Data!$I$2:$I$181,Sales_Data!$J$2:$J$181,$B29) -> 35759.04
B30: Dec-25 | C30: =SUMIFS(Sales_Data!$I$2:$I$181,Sales_Data!$J$2:$J$181,$B30) -> 43310.53
B33: Salesperson Lookup (INDEX / MATCH)
B34: Salesperson | C34: Total Sales | F34: Enter name: | G34: Alice Nguyen
B35: Alice Nguyen | C35: =SUMIFS(Sales_Data!$I$2:$I$181,Sales_Data!$F$2:$F$181,$B35) -> 91139.7 | F35: Total Sales: | G35: =INDEX($C$35:$C$40,MATCH($G$34,$B$35:$B$40,0)) -> 91139.7
B36: Bob Martinez | C36: =SUMIFS(Sales_Data!$I$2:$I$181,Sales_Data!$F$2:$F$181,$B36) -> 83600.33
B37: Carol Singh | C37: =SUMIFS(Sales_Data!$I$2:$I$181,Sales_Data!$F$2:$F$181,$B37) -> 58088.87
B38: David Kim | C38: =SUMIFS(Sales_Data!$I$2:$I$181,Sales_Data!$F$2:$F$181,$B38) -> 71670.68
B39: Emma Rossi | C39: =SUMIFS(Sales_Data!$I$2:$I$181,Sales_Data!$F$2:$F$181,$B39) -> 78869.37
B40: Frank Osei | C40: =SUMIFS(Sales_Data!$I$2:$I$181,Sales_Data!$F$2:$F$181,$B40) -> 103428.63
